{
  "schema": [
    {
      "dtype": "int64_list",
      "feature_name": "home_recap_2022_discrete__segdense_vals",
      "length": 320
    },
    {
      "dtype": "float_list",
      "feature_name": "home_recap_2022_cont__segdense_vals",
      "length": 6000
    },
    {
      "dtype": "int64_list",
      "feature_name": "home_recap_2022_binary__segdense_vals",
      "length": 512
    },
    {
      "dtype": "int64_list",
      "feature_name": "recap.engagement.is_tweet_detail_dwelled_15_sec",
      "length": 1
    },
    {
      "dtype": "int64_list",
      "feature_name": "recap.engagement.is_profile_clicked_and_profile_engaged",
      "length": 1
    },
    {
      "dtype": "int64_list",
      "feature_name": "recap.engagement.is_replied_reply_engaged_by_author",
      "length": 1
    },
    {
      "dtype": "int64_list",
      "feature_name": "recap.engagement.is_video_playback_50",
      "length": 1
    },
    {
      "dtype": "int64_list",
      "feature_name": "recap.engagement.is_report_tweet_clicked",
      "length": 1
    },
    {
      "dtype": "int64_list",
      "feature_name": "recap.engagement.is_replied",
      "length": 1
    },
    {
      "dtype": "int64_list",
      "feature_name": "meta.author_id",
      "length": 1
    },
    {
      "dtype": "int64_list",
      "feature_name": "recap.engagement.is_negative_feedback_v2",
      "length": 1
    },
    {
      "dtype": "int64_list",
      "feature_name": "recap.engagement.is_retweeted",
      "length": 1
    },
    {
      "dtype": "int64_list",
      "feature_name": "recap.engagement.is_favorited",
      "length": 1
    },
    {
      "dtype": "int64_list",
      "feature_name": "recap.engagement.is_good_clicked_convo_desc_favorited_or_replied",
      "length": 1
    },
    {
      "dtype": "int64_list",
      "feature_name": "meta.tweet_id",
      "length": 1
    },
    {
      "dtype": "int64_list",
      "feature_name": "recap.engagement.is_good_clicked_convo_desc_v2",
      "length": 1
    },
    {
      "dtype": "int64_list",
      "feature_name": "meta.user_id",
      "length": 1
    },
    {
      "dtype": "int64_list",
      "feature_name": "recap.engagement.is_bookmarked",
      "length": 1
    },
    {
      "dtype": "int64_list",
      "feature_name": "recap.engagement.is_shared",
      "length": 1
    },
    {
      "dtype": "float_list",
      "feature_name": "user.timelines.twhin_user_engagement_embeddings.twhin_user_engagement_embeddings",
      "length": 200
    },
    {
      "dtype": "float_list",
      "feature_name": "original_author.timelines.twhin_author_follow_embeddings.twhin_author_follow_embeddings",
      "length": 200
    },
    {
      "dtype": "float_list",
      "feature_name": "user.timelines.twhin_user_follow_embeddings.twhin_user_follow_embeddings",
      "length": 200
    }
  ]
}